S1	E1	S2	E2	Reference	Contig	IDY	Ambiguous	Best_group
3379042	4018602	639972	443	NC_003197.2	disjointig_3	99.95		True
relocation, inconsistency = -31976
3194926	3379139	856059	671851	NC_003197.2	disjointig_3	99.98		True
local misassembly
3101506	3194213	948749	856060	NC_003197.2	disjointig_3	99.97		True
local misassembly
2916040	3101514	1133544	949518	NC_003197.2	disjointig_3	99.07		True
relocation, inconsistency = -12489
2878009	2900324	1183982	1161749	NC_003197.2	disjointig_3	99.62		True
relocation, inconsistency = 33693
2770193	2844315	1258147	1183983	NC_003197.2	disjointig_3	99.9		True
local misassembly
2766551	2769321	1261886	1259116	NC_003197.2	disjointig_3	99.39		True
local misassembly
2765555	2765939	1263773	1263389	NC_003197.2	disjointig_3	97.14		True
local misassembly
2579932	2765154	1449310	1264099	NC_003197.2	disjointig_3	99.97		True
local misassembly
2557501	2579220	1471030	1449311	NC_003197.2	disjointig_3	99.97		True
relocation, inconsistency = 511167
2045625	2046333	1471739	1471031	NC_003197.2	disjointig_3	100.0		True
relocation, inconsistency = -511878
2488561	2557502	1540681	1471740	NC_003197.2	disjointig_3	99.99		True
relocation, inconsistency = -1147209
3635061	3635769	1541390	1540682	NC_003197.2	disjointig_3	100.0		True
relocation, inconsistency = 1146498
2350715	2488562	1679240	1541391	NC_003197.2	disjointig_3	99.99		True
CONTIG	disjointig_3	1679241	misassembled
CONTIG	disjointig_1	138425	unaligned
515093	721807	206611	1	NC_003197.2	disjointig_2	99.85		True
relocation, inconsistency = 1323817
2045625	2046333	206612	207320	NC_003197.2	disjointig_2	100.0		True
relocation, inconsistency = 1530530
368856	515094	353548	207321	NC_003197.2	disjointig_2	99.98		True
relocation, inconsistency = -18409
1	368873	740659	371940	NC_003197.2	disjointig_2	99.91		True
fake: not a misassembly [linear representation of circular genome]
4638936	4857450	959168	740660	NC_003197.2	disjointig_2	99.98		True
relocation, inconsistency = 1003164
3635061	3635769	959169	959877	NC_003197.2	disjointig_2	100.0		True
relocation, inconsistency = 930819
4566589	4638937	1032226	959878	NC_003197.2	disjointig_2	99.98		True
relocation, inconsistency = -80741
4560001	4566643	1119556	1112913	NC_003197.2	disjointig_2	99.97		True
local misassembly
4464030	4559288	1214815	1119557	NC_003197.2	disjointig_2	99.99		True
relocation, inconsistency = -40641
4033336	4464040	1685955	1255446	NC_003197.2	disjointig_2	99.91		True
local misassembly
4012292	4033079	1706742	1685956	NC_003197.2	disjointig_2	99.72		True
relocation, inconsistency = 1664941
2344293	2347350	1709800	1706743	NC_003197.2	disjointig_2	99.91		True
relocation, inconsistency = 7986
2082217	2336306	1963883	1709801	NC_003197.2	disjointig_2	99.98		True
relocation, inconsistency = -271544
2339582	2340800	1978062	1976844	NC_003197.2	disjointig_2	98.28		True
relocation, inconsistency = -18741
2336295	2336734	2000090	1999651	NC_003197.2	disjointig_2	98.86		True
relocation, inconsistency = -518957
2853683	2854466	2001659	2000876	NC_003197.2	disjointig_2	95.79		True
relocation, inconsistency = 769158
1128557	2082231	2957639	2003953	NC_003197.2	disjointig_2	99.98		True
relocation, inconsistency = 10732
1112831	1115877	2962633	2959587	NC_003197.2	disjointig_2	99.15		True
relocation, inconsistency = 1646855
2763214	2765155	2963115	2965058	NC_003197.2	disjointig_2	98.46		True
relocation, inconsistency = 1650342
1105827	1108542	2972103	2969388	NC_003197.2	disjointig_2	99.08		True
local misassembly
1104437	1104932	2973500	2973005	NC_003197.2	disjointig_2	97.78		True
indel: indel (> 5bp)
1103563	1104436	2974425	2973552	NC_003197.2	disjointig_2	98.63		True
local misassembly
1005297	1102887	3073006	2975374	NC_003197.2	disjointig_2	99.93		True
relocation, inconsistency = 42723
874141	962573	3161440	3073007	NC_003197.2	disjointig_2	99.99		True
relocation, inconsistency = 1083051
2045625	2046333	3161441	3162149	NC_003197.2	disjointig_2	100.0		True
relocation, inconsistency = 1171482
702735	874142	3333391	3162150	NC_003197.2	disjointig_2	99.84		True
CONTIG	disjointig_2	3333397	misassembled
